id,price,price_display,frequency,property_type,bedrooms,bathrooms,address,summary,property_url,contact_url,branch,branch_id,added_or_reduced,first_visible_date,let_type,postcode,search_date,letting_details,property_size_sqft,property_size_sqm,scraping_success,scraping_error
165797582,1500,"£1,500 pcm",monthly,Flat,1,1.0,"Barking Road, Plaistow, E13","SPACIOUS 1 BEDROOM GROUND FLOOR FLAT - DOUBLE BEDROOM - SEPARATE RECEPTION ROOM - KITCHEN DINER - CLOSE TO PLAISTOW AND UPTON PARK STATION - READY TO MOVE - £1,500 PCM",https://www.rightmove.co.uk/properties/165797582#/?channel=RES_LET,/property-to-rent/contactBranch.html?propertyId=165797582,"ARQ HOMES, East Ham",82585,Added on 15/08/2025,2025-08-15T13:35:32Z,,E13,2025-10-15T18:17:09.444066,"{'let available date': 'Now', 'deposit': '£1,730A deposit provides security for a landlord against damage, or unpaid rent by a tenant.Read moreaboutdepositin our glossary page.', 'min. tenancy': '12 months', 'let type': 'Long term', 'furnish type': 'Furnished', 'council tax': 'Ask agent'}",,,True,
167913068,1500,"£1,500 pcm",monthly,Flat,1,1.0,"Blanchedowne, Camberwell","Beautifully presented and thoughtfully designed, this charming ground-floor studio offers a stylish and comfortable living space. Boasting a modern interior throughout, the property is move-in ready and designed to make the most of every inch of space The main studio room is bright and welcoming...",https://www.rightmove.co.uk/properties/167913068#/?channel=RES_LET,/property-to-rent/contactBranch.html?propertyId=167913068,"Dexters, East Dulwich",255212,Reduced today,2025-10-07T13:48:31Z,,,2025-10-15T18:17:09.444179,"{'let available date': 'Ask agent', 'deposit': '£1,846A deposit provides security for a landlord against damage, or unpaid rent by a tenant.Read moreaboutdepositin our glossary page.', 'min. tenancy': 'Ask agent', 'let type': 'Long term', 'furnish type': 'Furnished', 'council tax': 'Ask agent'}",,,True,
168223658,1200,"£1,200 pcm",monthly,House,1,1.0,"Troutbeck Road, London, SE14","BILLS INCLUDED! Room 3, first floor with private ensuite shower room. A lovely double bedroom on the first floor, that has its own ensuite shower room. The shower room is a modern space and has a nice size cubicle, vanity wash basin and w.c.",https://www.rightmove.co.uk/properties/168223658#/?channel=RES_LET,/property-to-rent/contactBranch.html?propertyId=168223658,"Leaders Lettings, Forest Hill",37163,Reduced today,2025-10-15T17:09:52Z,,SE14,2025-10-15T18:17:09.444187,"{'let available date': '04/11/2025', 'deposit': 'Ask agentA deposit provides security for a landlord against damage, or unpaid rent by a tenant.Read moreaboutdepositin our glossary page.', 'min. tenancy': 'Ask agent', 'let type': 'Long term', 'furnish type': 'Furnished', 'council tax': 'Ask agent'}",,,True,
167615594,1450,"£1,450 pcm",monthly,Flat,1,1.0,"St Johns Park, Blackheath, SE3","** WALK THROUGH VIDEO ** Available NOW FURNISHED or UNFURNISHED, Ideal for sole occupation. Studio apartment on the first floor flat. The flat has its own front door and access to the communal rear garden with bike storage, off street limited parking or parking on road via residents permit.",https://www.rightmove.co.uk/properties/167615594#/?channel=RES_LET,/property-to-rent/contactBranch.html?propertyId=167615594,"Your London, Greenwich",89638,Reduced today,2025-09-30T14:24:38Z,,SE3,2025-10-15T18:17:09.444192,"{'let available date': 'Now', 'deposit': 'Ask agentA deposit provides security for a landlord against damage, or unpaid rent by a tenant.Read moreaboutdepositin our glossary page.', 'min. tenancy': 'Ask agent', 'let type': 'Long term', 'furnish type': 'Furnished or unfurnished, landlord is flexible', 'council tax': 'Ask agent'}",,,True,
167303591,1500,"£1,500 pcm",monthly,Flat,1,1.0,"Vandome Close, London E16","A large and modernized one double bedroom apartment spanning approximately 520 square feet and is conveniently located with just a 4 minute walk to Custom House DLR Station, and close to Western Gateway, and EXCEL. This spacious one double bedroom is based on the second floor and boasts a lar...",https://www.rightmove.co.uk/properties/167303591#/?channel=RES_LET,/property-to-rent/contactBranch.html?propertyId=167303591,"BPS London, London",95999,Reduced today,2025-09-23T11:55:36Z,,E16,2025-10-15T18:17:09.444196,"{'let available date': 'Now', 'deposit': '£1,730A deposit provides security for a landlord against damage, or unpaid rent by a tenant.Read moreaboutdepositin our glossary page.', 'min. tenancy': 'Ask agent', 'let type': 'Long term', 'furnish type': 'Furnished', 'council tax': 'Ask agent'}",,,True,
168210467,1400,"£1,400 pcm",monthly,Flat,1,1.0,"Abbey Lane, LONDON",One Bedroom Flat - Available now. This charming 1-bedroom flat features a separate kitchen and private allocated parking — perfect for your convenience,https://www.rightmove.co.uk/properties/168210467#/?channel=RES_LET,/property-to-rent/contactBranch.html?propertyId=168210467,"haart, Stratford - Lettings",134429,Added today,2025-10-15T15:09:04Z,,,2025-10-15T18:17:09.444200,"{'let available date': '27/10/2025', 'deposit': 'Ask agentA deposit provides security for a landlord against damage, or unpaid rent by a tenant.Read moreaboutdepositin our glossary page.', 'min. tenancy': 'Ask agent', 'let type': 'Long term', 'furnish type': 'Part furnished', 'council tax': 'Ask agent'}",,,True,
167650712,1450,"£1,450 pcm",monthly,Apartment,1,1.0,"Rushey Green, London, SE6","No Deposit Option Available for Tenants. A fantastic one bedroom flat, situated in central Catford. The property comprises a large lounge opening onto a separate fitted kitchen, a spacious double bedroom with ample room for storage and a modern bathroom. Further benefits inc...",https://www.rightmove.co.uk/properties/167650712#/?channel=RES_LET,/property-to-rent/contactBranch.html?propertyId=167650712,"Stirling Ackroyd Lettings, Brixton",48330,Reduced today,2025-10-01T10:23:53Z,,SE6,2025-10-15T18:17:09.444203,"{'let available date': '04/12/2025', 'deposit': '£1,673A deposit provides security for a landlord against damage, or unpaid rent by a tenant.Read moreaboutdepositin our glossary page.', 'min. tenancy': '12 months', 'let type': 'Long term', 'furnish type': 'Furnished', 'council tax': 'Ask agent'}",,,True,
168209354,1500,"£1,500 pcm",monthly,Flat,1,1.0,"Norwood Road, Herne Hill",Stunning apartment with gallery style bedroom. Spacious open plan living area. Parking. Close to Herne Hill Station.,https://www.rightmove.co.uk/properties/168209354#/?channel=RES_LET,/property-to-rent/contactBranch.html?propertyId=168209354,"Credential, Tooting",64891,Added today,2025-10-15T14:55:09Z,,,2025-10-15T18:17:09.444210,"{'let available date': '06/12/2025', 'deposit': '£1,730A deposit provides security for a landlord against damage, or unpaid rent by a tenant.Read moreaboutdepositin our glossary page.', 'min. tenancy': 'Ask agent', 'let type': 'Long term', 'furnish type': 'Part furnished', 'council tax': 'Ask agent'}",,,True,
95816894,1450,"£1,450 pcm",monthly,Apartment,1,1.0,"Pullman Court, Streatham Hill, London, SW2","A one bedroom purpose built flat in a Grade II listed modernist block on Streatham Hill. The property benefits from having new secondary glazing, new electrical heaters and is ideally placed for easy access to Brixton, Balham, Clapham and Tulse Hill.",https://www.rightmove.co.uk/properties/95816894#/?channel=RES_LET,/property-to-rent/contactBranch.html?propertyId=95816894,"Winkworth, Streatham",34334,Added today,2020-08-07T22:10:43Z,,SW2,2025-10-15T18:17:09.444213,"{'let available date': '17/12/2025', 'deposit': '£0A deposit provides security for a landlord against damage, or unpaid rent by a tenant.Read moreaboutdepositin our glossary page.', 'min. tenancy': '12 months', 'let type': 'Long term', 'furnish type': 'Unfurnished', 'council tax': 'Ask agent'}",442.0,41.0,True,
168193919,1300,"£1,300 pcm",monthly,Maisonette,1,1.0,"Catford Hill, Catford, SE6",A UNIQUE OPPORTUNITY TO RENT THIS ONE DOUBLE BEDROOM FIRST AND SECOND (TOP) FLOOR MAISONETTE GREAT FOR CATFORD STATION. AN EARLY VIEWING IS ADVISED.,https://www.rightmove.co.uk/properties/168193919#/?channel=RES_LET,/property-to-rent/contactBranch.html?propertyId=168193919,"Key Property Consultants, Welling",275849,Added today,2025-10-15T11:34:58Z,,SE6,2025-10-15T18:17:09.444217,"{'let available date': '25/10/2025', 'deposit': '£1,500A deposit provides security for a landlord against damage, or unpaid rent by a tenant.Read moreaboutdepositin our glossary page.', 'min. tenancy': 'Ask agent', 'let type': 'Long term', 'furnish type': 'Unfurnished', 'council tax': 'Ask agent'}",,,True,
167848610,1500,"£1,500 pcm",monthly,Apartment,1,1.0,"Goodwin Close, London SE16 3TL","ENS Property Group are delighted to offer you this ground floor apartment located in a quiet cul-de-sac. Offered Furnished and available now. EPC band C. The property is well presented throughout, set on the ground floor, with spacious bedroom with large wardrobe, open-plan kitchen and family bat...",https://www.rightmove.co.uk/properties/167848610#/?channel=RES_LET,/property-to-rent/contactBranch.html?propertyId=167848610,"ENS Property Group Ltd, London",247784,Reduced today,2025-10-06T12:13:37Z,,SE16,2025-10-15T18:17:09.444220,"{'let available date': 'Now', 'deposit': '£1,730A deposit provides security for a landlord against damage, or unpaid rent by a tenant.Read moreaboutdepositin our glossary page.', 'min. tenancy': 'Ask agent', 'let type': 'Long term', 'furnish type': 'Furnished', 'council tax': 'Ask agent'}",,,True,
87325095,1450,"£1,450 pcm",monthly,Apartment,1,1.0,"Fishguard Way, E16","Available to move into now is this well presented one bedroom ground floor apartment in the popular Galleons Lock Development. Internally the property boasts a spacious open plan living room and kitchen, large bedroom with en-suite bathroom and further guest WC. The property further benefits from...",https://www.rightmove.co.uk/properties/87325095#/?channel=RES_LET,/property-to-rent/contactBranch.html?propertyId=87325095,"Spencer James Residential, London",283697,Added yesterday,2025-10-14T18:04:40Z,,E16,2025-10-15T18:17:09.444223,"{'let available date': 'Now', 'deposit': 'Ask agentA deposit provides security for a landlord against damage, or unpaid rent by a tenant.Read moreaboutdepositin our glossary page.', 'min. tenancy': 'Ask agent', 'let type': 'Long term', 'furnish type': 'Furnished', 'council tax': 'Ask agent'}",,,True,
167279798,1450,"£1,450 pcm",monthly,Flat,1,1.0,"New Barn Street, Plaistow, E13","This well-presented one-bedroom ground floor conversion flat is available to rent on New Barn Street, Plaistow E13. Designed with comfort and practicality in mind, the property offers a welcoming living space and the added benefit of a private garden, providing a rare opportunity to enjoy outdoor...",https://www.rightmove.co.uk/properties/167279798#/?channel=RES_LET,/property-to-rent/contactBranch.html?propertyId=167279798,"David Daniels, Stratford Lettings",76481,Added yesterday,2025-09-22T17:26:54Z,,E13,2025-10-15T18:17:09.444226,"{'let available date': '07/11/2025', 'deposit': 'Ask agentA deposit provides security for a landlord against damage, or unpaid rent by a tenant.Read moreaboutdepositin our glossary page.', 'min. tenancy': 'Ask agent', 'let type': 'Long term', 'furnish type': 'Ask agent', 'council tax': 'Ask agent'}",,,True,
122077037,1450,"£1,450 pcm",monthly,Flat,1,1.0,"Towerside, Wapping","A beautiful studio apartment located in the heart of Wapping. Property boasts spacious living area with fold away bed, compact kitchen and a family bathroom. Towerside located within a stone's throw from Wapping overground station",https://www.rightmove.co.uk/properties/122077037#/?channel=RES_LET,/property-to-rent/contactBranch.html?propertyId=122077037,"Felicity J Lord, Wapping Wall Lettings",11495,Reduced yesterday,2022-04-07T10:34:53Z,,,2025-10-15T18:17:09.444230,"{'let available date': '31/10/2025', 'deposit': '£1,673A deposit provides security for a landlord against damage, or unpaid rent by a tenant.Read moreaboutdepositin our glossary page.', 'min. tenancy': 'Ask agent', 'let type': 'Long term', 'furnish type': 'Ask agent', 'council tax': 'Ask agent'}",,,True,
168157121,1450,"£1,450 pcm",monthly,Apartment,1,1.0,"Channelsea House, 20 Canning Road, London, E15","One bedroom apartment in the highly desirable area of West Ham, E15. Located in the innovative development, Channelsea House. The property boasts a contemporary fitted kitchen, modern bathroom, video entry system and CCTV covering the internal and externals of the building and undergro...",https://www.rightmove.co.uk/properties/168157121#/?channel=RES_LET,/property-to-rent/contactBranch.html?propertyId=168157121,"Ernest Brooks International, Canary Wharf",264878,Reduced yesterday,2025-10-13T14:03:06Z,,E15,2025-10-15T18:17:09.444233,"{'let available date': '03/12/2025', 'deposit': '£1,673A deposit provides security for a landlord against damage, or unpaid rent by a tenant.Read moreaboutdepositin our glossary page.', 'min. tenancy': 'Ask agent', 'let type': 'Long term', 'furnish type': 'Ask agent', 'council tax': 'Ask agent'}",,,True,
167440370,1500,"£1,500 pcm",monthly,Flat,1,1.0,"Hervey Road, London, SE3","Truepenny’s are delighted to offer to the market this beautifully presented one-bedroom apartment on the sought-after Hervey Road, SE3. Positioned on the second floor of an attractive period building, this charming home combines character and style with a high standard of finish throughout.",https://www.rightmove.co.uk/properties/167440370#/?channel=RES_LET,/property-to-rent/contactBranch.html?propertyId=167440370,"Truepenny's Property Consultants, Charlton",228695,Reduced yesterday,2025-09-25T18:14:49Z,,SE3,2025-10-15T18:17:09.444236,"{'let available date': 'Now', 'deposit': '£1,903A deposit provides security for a landlord against damage, or unpaid rent by a tenant.Read moreaboutdepositin our glossary page.', 'min. tenancy': '12 months', 'let type': 'Long term', 'furnish type': 'Furnished', 'council tax': 'Ask agent'}",541.0,50.0,True,
126034367,1500,"£1,500 pcm",monthly,Flat,1,1.0,"Chardwell Close, London",**NO DEPOSIT OPTION AVAILABLE** Newly decorated Flat modern style to rent,https://www.rightmove.co.uk/properties/126034367#/?channel=RES_LET,/property-to-rent/contactBranch.html?propertyId=126034367,"haart, East Ham - Lettings",102560,Reduced yesterday,2024-09-25T15:50:59Z,,,2025-10-15T18:17:09.444239,"{'let available date': 'Now', 'deposit': '£1,730A deposit provides security for a landlord against damage, or unpaid rent by a tenant.Read moreaboutdepositin our glossary page.', 'min. tenancy': 'Ask agent', 'let type': 'Long term', 'furnish type': 'Ask agent', 'council tax': 'Ask agent'}",,,True,
81952425,1500,"£1,500 pcm",monthly,Flat,1,1.0,"Claude Road, London","A spacious one bedroom ground floor period conversion with garden. This Unfurnished home offers a spacious kitchen/diner, large reception, bathroom, toilet and a good sized double bedroom. Located close to Upton Park and Plaistow stations",https://www.rightmove.co.uk/properties/81952425#/?channel=RES_LET,/property-to-rent/contactBranch.html?propertyId=81952425,"Felicity J Lord, Bow Lettings",11470,Added yesterday,2021-10-05T15:44:49Z,,,2025-10-15T18:17:09.444242,"{'let available date': '01/11/2025', 'deposit': '£1,650A deposit provides security for a landlord against damage, or unpaid rent by a tenant.Read moreaboutdepositin our glossary page.', 'min. tenancy': 'Ask agent', 'let type': 'Long term', 'furnish type': 'Ask agent', 'council tax': 'Ask agent'}",,,True,
87302568,1450,"£1,450 pcm",monthly,Flat,1,1.0,"Milkwood Rd, London, SE24",GUARANTOR REQUIRED FOR ALL TENANTS. Smart 1 bed flat in trendy Herne hill. The apartment is unfurnished. The apartments consists of a good sized living area with a separate fully integrated kitc... ** Property Reference: 2658595 **,https://www.rightmove.co.uk/properties/87302568#/?channel=RES_LET,/property-to-rent/contactBranch.html?propertyId=87302568,"OpenRent, London",96668,Added yesterday,2025-10-14T12:48:31Z,,SE24,2025-10-15T18:17:09.444245,"{'let available date': 'Now', 'deposit': '£0A deposit provides security for a landlord against damage, or unpaid rent by a tenant.Read moreaboutdepositin our glossary page.', 'min. tenancy': 'Ask agent', 'let type': 'Long term', 'furnish type': 'Unfurnished', 'council tax': 'Ask agent'}",,,True,
87301653,912,£912 pcm,monthly,Flat,1,1.0,"Peabody Avenue, London, SW1V",Ground floor bedsit,https://www.rightmove.co.uk/properties/87301653#/?channel=RES_LET,/property-to-rent/contactBranch.html?propertyId=87301653,"Peabody Trust, Peabody Trust",70470,Added yesterday,2025-10-14T12:40:17Z,,SW1V,2025-10-15T18:17:09.444248,"{'let available date': 'Ask agent', 'deposit': '£912A deposit provides security for a landlord against damage, or unpaid rent by a tenant.Read moreaboutdepositin our glossary page.', 'min. tenancy': 'Ask agent', 'let type': 'Long term', 'furnish type': 'Unfurnished', 'council tax': 'Ask agent'}",,,True,
87299397,1450,"£1,450 pcm",monthly,Flat,1,1.0,"Choumert Road, Peckham, London, SE15","ZERO DEPOSIT AVAILABLE. LONG LET. Presented in excellent condition throughout, this wonderful one bedroom flat is set within a superb modern development offering ample living space, quality fixtures, separate kitchen/dining room and double bedroom.",https://www.rightmove.co.uk/properties/87299397#/?channel=RES_LET,/property-to-rent/contactBranch.html?propertyId=87299397,"Foxtons, Peckham",66768,Added yesterday,2025-10-14T12:08:39Z,,SE15,2025-10-15T18:17:09.444251,"{'let available date': 'Ask agent', 'deposit': '£1,674A deposit provides security for a landlord against damage, or unpaid rent by a tenant.Read moreaboutdepositin our glossary page.', 'min. tenancy': 'Ask agent', 'let type': 'Long term', 'furnish type': 'Unfurnished', 'council tax': 'Ask agent'}",477.0,44.0,True,
87294006,1500,"£1,500 pcm",monthly,Flat,1,1.0,"Poplar High Street, London, E14",Next Home Ltd are delighted to offer this charming 1 bedroom property located on the 2nd floor of this converted office block. ,https://www.rightmove.co.uk/properties/87294006#/?channel=RES_LET,/property-to-rent/contactBranch.html?propertyId=87294006,"Next Home Ltd, Leyton",38072,Added yesterday,2025-10-14T11:03:42Z,,E14,2025-10-15T18:17:09.444254,"{'let available date': 'Now', 'deposit': '£1,500A deposit provides security for a landlord against damage, or unpaid rent by a tenant.Read moreaboutdepositin our glossary page.', 'min. tenancy': 'Ask agent', 'let type': 'Long term', 'furnish type': 'Furnished or unfurnished, landlord is flexible', 'council tax': 'Ask agent'}",,,True,
168080051,306,"£1,326 pcm",weekly,Apartment,1,1.0,"Atelier Court North, Leven Road, London, E14","Modern 1-bed apartment in Atelier Court, E14. Bright open-plan living/kitchen area, private balcony, stylish bathroom, lift access & secure entry. Moments from Langdon Park DLR & close to Canary Wharf. Ideal for professionals or couples. Book your viewing today!",https://www.rightmove.co.uk/properties/168080051#/?channel=RES_LET,/property-to-rent/contactBranch.html?propertyId=168080051,"Sanctuary Housing, Sanctuary Housing",117370,Added on 13/10/2025,2025-10-13T17:11:21Z,,E14,2025-10-15T18:17:09.444257,"{'let available date': 'Now', 'deposit': '£1,836A deposit provides security for a landlord against damage, or unpaid rent by a tenant.Read moreaboutdepositin our glossary page.', 'min. tenancy': 'Ask agent', 'let type': 'Long term', 'furnish type': 'Unfurnished', 'council tax': 'Ask agent'}",,,True,
168156167,1500,"£1,500 pcm",monthly,Apartment,1,1.0,"Berber Parade, Shooters Hill, London, SE18","Set within this popular modern development close to Hornfair Park and Woolwich Common, is this spacious one double bedroom apartment with a private balcony & off street parking. Offer furnished and available from 13th December 2025.",https://www.rightmove.co.uk/properties/168156167#/?channel=RES_LET,/property-to-rent/contactBranch.html?propertyId=168156167,"Winkworth, Blackheath",14614,Added on 13/10/2025,2025-10-13T13:50:12Z,,SE18,2025-10-15T18:17:09.444261,"{'let available date': '13/12/2025', 'deposit': '£1,730A deposit provides security for a landlord against damage, or unpaid rent by a tenant.Read moreaboutdepositin our glossary page.', 'min. tenancy': 'Ask agent', 'let type': 'Long term', 'furnish type': 'Unfurnished', 'council tax': 'Ask agent'}",,,True,
167311796,1400,"£1,400 pcm",monthly,Flat,1,1.0,"Taunton Road, London, SE12","Property Description Located on the desirable Taunton Road, this delightful one-bedroom garden flat offers a well-designed living space. The home includes a bright open-plan kitchen and dining area, a comfortable double",https://www.rightmove.co.uk/properties/167311796#/?channel=RES_LET,/property-to-rent/contactBranch.html?propertyId=167311796,"S Stone Management, Croydon",286994,Reduced on 13/10/2025,2025-09-23T13:52:06Z,,SE12,2025-10-15T18:17:09.444266,"{'let available date': '07/11/2025', 'deposit': '£1,615A deposit provides security for a landlord against damage, or unpaid rent by a tenant.Read moreaboutdepositin our glossary page.', 'min. tenancy': 'Ask agent', 'let type': 'Long term', 'furnish type': 'Part furnished', 'council tax': 'Ask agent'}",,,True,
168164504,1500,"£1,500 pcm",monthly,Flat,1,1.0,"Archdale Road, East Dulwich, SE22","This one's for you if... You’re someone who thrives in the sunshine, coffee in hand, book in lap, feet up in your own private garden. Whether it’s morning rituals or golden hour wind-downs, outdoor space isn’t a nice-to-have, it’s a non-negotiable. I...",https://www.rightmove.co.uk/properties/168164504#/?channel=RES_LET,/property-to-rent/contactBranch.html?propertyId=168164504,"Paramount, London - Lettings",62636,Added on 17/09/2025,2025-10-13T15:34:40Z,,SE22,2025-10-15T18:17:12.014626,"{'let available date': 'Now', 'deposit': '£1,730A deposit provides security for a landlord against damage, or unpaid rent by a tenant.Read moreaboutdepositin our glossary page.', 'min. tenancy': 'Ask agent', 'let type': 'Long term', 'furnish type': 'Unfurnished', 'council tax': 'Ask agent'}",382.0,35.0,True,
168018077,1400,"£1,400 pcm",monthly,Flat,1,1.0,"Baildon Street, London, SE8","Contemporary one bedroom flat within a unique development, well-located for all local amenities and transport links. Comprising of wooden flooring, gas central heating and double glazing. Also benefiting from a separate kitchen, modern shower suite, one double bedroom with built-in wardrobe and ...",https://www.rightmove.co.uk/properties/168018077#/?channel=RES_LET,/property-to-rent/contactBranch.html?propertyId=168018077,"Keatons, Deptford",2915,Reduced on 13/10/2025,2025-10-09T10:20:03Z,,SE8,2025-10-15T18:17:12.014666,"{'let available date': 'Now', 'deposit': '£1,615A deposit provides security for a landlord against damage, or unpaid rent by a tenant.Read moreaboutdepositin our glossary page.', 'min. tenancy': 'Ask agent', 'let type': 'Long term', 'furnish type': 'Unfurnished', 'council tax': 'Ask agent'}",449.0,42.0,True,
168135293,1500,"£1,500 pcm",monthly,Flat,1,1.0,"Kingswood Road, Brixton Hill, SW2",A spacious one bedroom flat with direct access onto a shared garden. This property would be perfect for professional couple or single occupant.,https://www.rightmove.co.uk/properties/168135293#/?channel=RES_LET,/property-to-rent/contactBranch.html?propertyId=168135293,"Jacksons Estate Agents, Clapham",99865,Added on 13/10/2025,2025-10-13T08:59:10Z,,SW2,2025-10-15T18:17:12.014675,"{'let available date': 'Ask agent', 'deposit': '£1,730A deposit provides security for a landlord against damage, or unpaid rent by a tenant.Read moreaboutdepositin our glossary page.', 'min. tenancy': 'Ask agent', 'let type': 'Long term', 'furnish type': 'Unfurnished', 'council tax': 'Ask agent'}",,,True,
168132680,1450,"£1,450 pcm",monthly,Flat,1,1.0,"Salehurst Road, London, SE4","A beautifully renovated basement flat with a double bedroom with walk-in wardrobe and outside space - includes bills! Key features: Utility bills, excludes internet at £1450/month Unfurnished... ** Property Reference: 2656593 **",https://www.rightmove.co.uk/properties/168132680#/?channel=RES_LET,/property-to-rent/contactBranch.html?propertyId=168132680,"OpenRent, London",96668,Added on 13/10/2025,2025-10-13T00:08:23Z,,SE4,2025-10-15T18:17:12.014682,"{'let available date': '25/10/2025', 'deposit': '£1,673A deposit provides security for a landlord against damage, or unpaid rent by a tenant.Read moreaboutdepositin our glossary page.', 'min. tenancy': 'Ask agent', 'let type': 'Long term', 'furnish type': 'Unfurnished', 'council tax': 'Ask agent'}",,,True,
168110753,1420,"£1,420 pcm",monthly,Flat,1,,"Tulse Hill, London, SW2",***ONE MONTH RENT FREE IF MOVE IN BY 31ST OCTOBER***AVAILABLE NOW***FURNISHED***GREAT LOCATION***,https://www.rightmove.co.uk/properties/168110753#/?channel=RES_LET,/property-to-rent/contactBranch.html?propertyId=168110753,"HC-GB, South",238694,Added on 10/10/2025,2025-10-10T23:26:02Z,,SW2,2025-10-15T18:17:12.014690,"{'let available date': '17/10/2025', 'deposit': '£1,700A deposit provides security for a landlord against damage, or unpaid rent by a tenant.Read moreaboutdepositin our glossary page.', 'min. tenancy': '12 months', 'let type': 'Long term', 'furnish type': 'Unfurnished', 'council tax': 'Ask agent'}",,,True,
168110588,1466,"£1,466 pcm",monthly,Flat,1,,"Tulse Hill, London, SW2",***ONE MONTH FREE RENT IF MOVE IN BY 31ST OCTOBER***AVAILABLE NOW***UNFURNISHED***GREAT LOCATION***,https://www.rightmove.co.uk/properties/168110588#/?channel=RES_LET,/property-to-rent/contactBranch.html?propertyId=168110588,"HC-GB, South",238694,Added on 10/10/2025,2025-10-10T22:44:44Z,,SW2,2025-10-15T18:17:12.014699,"{'let available date': '17/10/2025', 'deposit': '£1,800A deposit provides security for a landlord against damage, or unpaid rent by a tenant.Read moreaboutdepositin our glossary page.', 'min. tenancy': '12 months', 'let type': 'Long term', 'furnish type': 'Unfurnished', 'council tax': 'Ask agent'}",,,True,
168102146,1300,"£1,300 pcm",monthly,Flat,1,1.0,"Shooters Hill Road, London, SE3",Beautiful One Bedroom Flat on Shooters Hill Road. This unfurnished first floor flat has a lovely open plan kitchen/living area. It boast a good sized bedroom with en-suite bathroom. It is on the... ** Property Reference: 2653734 **,https://www.rightmove.co.uk/properties/168102146#/?channel=RES_LET,/property-to-rent/contactBranch.html?propertyId=168102146,"OpenRent, London",96668,Added on 10/10/2025,2025-10-10T17:13:56Z,,SE3,2025-10-15T18:17:12.014706,"{'let available date': 'Now', 'deposit': '£1,500A deposit provides security for a landlord against damage, or unpaid rent by a tenant.Read moreaboutdepositin our glossary page.', 'min. tenancy': 'Ask agent', 'let type': 'Long term', 'furnish type': 'Unfurnished', 'council tax': 'Ask agent'}",,,True,
168093854,1450,"£1,450 pcm",monthly,Apartment,1,1.0,"Norwood Road, Tulse Hill","Oaks Estate Agents are delighted to offer to the market this charming one-bedroom, first floor apartment, situated a stone’s throw from Tulse Hill station",https://www.rightmove.co.uk/properties/168093854#/?channel=RES_LET,/property-to-rent/contactBranch.html?propertyId=168093854,"Oaks Estate Agents, Streatham Lettings",201446,Added on 10/10/2025,2025-10-10T15:53:06Z,,,2025-10-15T18:17:12.014712,"{'let available date': '17/10/2025', 'deposit': '£1,673A deposit provides security for a landlord against damage, or unpaid rent by a tenant.Read moreaboutdepositin our glossary page.', 'min. tenancy': 'Ask agent', 'let type': 'Long term', 'furnish type': 'Unfurnished', 'council tax': 'Ask agent'}",,,True,
168072071,1400,"£1,400 pcm",monthly,Flat,1,1.0,"Large, Bright, Double Studio, near Gloucester Road, SW5","A large, bright double room with own bathroom, 5 minuet walk from Gloucester Road Tube station. Gas and electricity included. Ground floor studio,  with high ceilings, large Sainsbury's at end of the road.  ",https://www.rightmove.co.uk/properties/168072071#/?channel=RES_LET,/property-to-rent/contactBranch.html?propertyId=168072071,"Bellman London Ltd, London",145976,Added on 10/10/2025,2025-10-10T11:14:42Z,,SW5,2025-10-15T18:17:12.014718,"{'let available date': 'Ask agent', 'deposit': 'Ask agentA deposit provides security for a landlord against damage, or unpaid rent by a tenant.Read moreaboutdepositin our glossary page.', 'min. tenancy': 'Ask agent', 'let type': 'Long term', 'furnish type': 'Ask agent', 'council tax': 'Ask agent'}",,,True,
168069146,1350,"£1,350 pcm",monthly,Apartment,1,1.0,"Lower Road, London SE16 2LW","Now on the market is this second floor, one bedroom flat, ideal for single occupancy. The entire building was completely new throughout approx 6 years ago. Modern and bright with a separate shower-room. Gas central heating and double-glazing. Offered as unfurnished available from 4th November 202...",https://www.rightmove.co.uk/properties/168069146#/?channel=RES_LET,/property-to-rent/contactBranch.html?propertyId=168069146,"ENS Property Group Ltd, London",247784,Added on 10/10/2025,2025-10-10T10:32:16Z,,SE16,2025-10-15T18:17:12.014726,"{'let available date': '04/11/2025', 'deposit': '£1,557A deposit provides security for a landlord against damage, or unpaid rent by a tenant.Read moreaboutdepositin our glossary page.', 'min. tenancy': 'Ask agent', 'let type': 'Long term', 'furnish type': 'Unfurnished', 'council tax': 'Ask agent'}",,,True,
165819200,1350,"£1,350 pcm",monthly,Apartment,1,1.0,"Lewisham High Street, London, SE13",No Deposit Option Available For Tenants Stirling Ackroyd are delighted to present this newly refurbished one bedroom apartment situated on the upper floor above commercial unit which is located on the popular Lewisham High Street. The property offers a brand-new kitchen and ...,https://www.rightmove.co.uk/properties/165819200#/?channel=RES_LET,/property-to-rent/contactBranch.html?propertyId=165819200,"Stirling Ackroyd Lettings, West Byfleet",262121,Reduced on 10/10/2025,2025-08-15T23:15:23Z,,SE13,2025-10-15T18:17:12.014732,"{'let available date': 'Now', 'deposit': '£1,557A deposit provides security for a landlord against damage, or unpaid rent by a tenant.Read moreaboutdepositin our glossary page.', 'min. tenancy': '12 months', 'let type': 'Long term', 'furnish type': 'Unfurnished', 'council tax': 'Ask agent'}",,,True,
167526719,1300,"£1,300 pcm",monthly,Flat,1,1.0,"Myers Lane, London, New Cross, SE14","First floor one bedroom apartment in quiet development close to South Bermondsey and New Cross Gate stations. The property offers a large and bright reception room, spacious kitchen, double bedroom and bathroom. It also benefits from off street parking. Available part furnished.",https://www.rightmove.co.uk/properties/167526719#/?channel=RES_LET,/property-to-rent/contactBranch.html?propertyId=167526719,"Reside, New Cross",9349,Reduced on 10/10/2025,2025-09-27T14:42:13Z,,SE14,2025-10-15T18:17:12.014739,"{'let available date': '25/10/2025', 'deposit': '£1,500A deposit provides security for a landlord against damage, or unpaid rent by a tenant.Read moreaboutdepositin our glossary page.', 'min. tenancy': 'Ask agent', 'let type': 'Long term', 'furnish type': 'Furnished', 'council tax': 'Ask agent'}",,,True,
166624559,1300,"£1,300 pcm",monthly,Flat,1,1.0,"Ravensbourne Road, Tff 20 Ravensbourne Road, SE6","Welcome to this well-presented 1-bedroom, 1-bathroom flat, perfectly suited for first-time buyers, downsizers, or buy-to-let investors.",https://www.rightmove.co.uk/properties/166624559#/?channel=RES_LET,/property-to-rent/contactBranch.html?propertyId=166624559,"We Can Properties, London",216545,Reduced on 09/10/2025,2025-09-05T11:04:26Z,,SE6,2025-10-15T18:17:12.014744,"{'let available date': 'Ask agent', 'deposit': '£1,730A deposit provides security for a landlord against damage, or unpaid rent by a tenant.Read moreaboutdepositin our glossary page.', 'min. tenancy': '12 months', 'let type': 'Long term', 'furnish type': 'Unfurnished', 'council tax': 'Ask agent'}",,,True,
168046307,1400,"£1,400 pcm",monthly,Apartment,1,1.0,"The Quarterdeck, London, E14","BRIGHT & SPACIOUS one bedroom apartment near Canary Wharf, offering west-facing views and a wealth of storage space.",https://www.rightmove.co.uk/properties/168046307#/?channel=RES_LET,/property-to-rent/contactBranch.html?propertyId=168046307,"The Online Letting Agents Ltd, Bury St Edmunds",82831,Added on 09/10/2025,2025-10-09T16:11:51Z,,E14,2025-10-15T18:17:12.014752,"{'let available date': 'Now', 'deposit': '£1,615A deposit provides security for a landlord against damage, or unpaid rent by a tenant.Read moreaboutdepositin our glossary page.', 'min. tenancy': '6 months', 'let type': 'Long term', 'furnish type': 'Furnished', 'council tax': 'Ask agent'}",500.0,,True,
168041786,1500,"£1,500 pcm",monthly,Ground Flat,1,1.0,"Park Grove, London, E15","Available NOW!!! Email via RightMove to book your viewings Beautiful Presented Ground Floor 1 Bedroom Flat- This beautifully decorated one bedroom ground floor flat benefits a large private garden, modern kitchen, and a spacious reception room.",https://www.rightmove.co.uk/properties/168041786#/?channel=RES_LET,/property-to-rent/contactBranch.html?propertyId=168041786,"Eastbank Studios Ltd, London - Lettings",105577,Added on 09/10/2025,2025-10-09T15:12:12Z,,E15,2025-10-15T18:17:12.014758,"{'let available date': '17/10/2025', 'deposit': 'Ask agentA deposit provides security for a landlord against damage, or unpaid rent by a tenant.Read moreaboutdepositin our glossary page.', 'min. tenancy': 'Ask agent', 'let type': 'Long term', 'furnish type': 'Furnished or unfurnished, landlord is flexible', 'council tax': 'Ask agent'}",,,True,
166990151,1445,"£1,445 pcm",monthly,Flat,1,1.0,"Lewisham Road, London","A stylishly decorated, one bedroom ground floor apartment. Situated in an excellent location, a 2 minute stroll to Lewisham station and an even shorter stroll to local amenities including Tescos which is literally opposite. This property boasts a bright lounge with high ceilings...",https://www.rightmove.co.uk/properties/166990151#/?channel=RES_LET,/property-to-rent/contactBranch.html?propertyId=166990151,"Charles Knight Estate Agents, Lewisham",279419,Reduced on 09/10/2025,2025-09-15T09:34:19Z,,,2025-10-15T18:17:12.014763,"{'let available date': 'Now', 'deposit': '£1,667A deposit provides security for a landlord against damage, or unpaid rent by a tenant.Read moreaboutdepositin our glossary page.', 'min. tenancy': 'Ask agent', 'let type': 'Long term', 'furnish type': 'Ask agent', 'council tax': 'Ask agent'}",,,True,
168033092,1400,"£1,400 pcm",monthly,Flat,1,1.0,"Amersham Road, New Cross, SE14",AVAILABLE NOW - FURNISHED. A light and bright apartment located within a short walk of New Cross Station and local amenities. MORE PICS TO COME,https://www.rightmove.co.uk/properties/168033092#/?channel=RES_LET,/property-to-rent/contactBranch.html?propertyId=168033092,"Nested, Nationwide",269723,Added on 09/10/2025,2025-10-09T13:10:11Z,,SE14,2025-10-15T18:17:12.014768,"{'let available date': 'Now', 'deposit': '£1,615A deposit provides security for a landlord against damage, or unpaid rent by a tenant.Read moreaboutdepositin our glossary page.', 'min. tenancy': '12 months', 'let type': 'Long term', 'furnish type': 'Furnished', 'council tax': 'Ask agent'}",,,True,
168028388,1400,"£1,400 pcm",monthly,Flat,1,1.0,"Canning Road, London, E15","Guide Price: £1,400PCM - £1,600PCM Hunters are proud to present this beautiful one bedroom apartment in the highly desirable area of West Ham, E15. Located in the innovative development – Channelsea House, take advantage of luxury living taken to new heights. The property boasts a c...",https://www.rightmove.co.uk/properties/168028388#/?channel=RES_LET,/property-to-rent/contactBranch.html?propertyId=168028388,"Hunters, Plaistow",107680,Added on 09/10/2025,2025-10-09T12:20:18Z,,E15,2025-10-15T18:17:12.014774,"{'let available date': 'Ask agent', 'deposit': 'Ask agentA deposit provides security for a landlord against damage, or unpaid rent by a tenant.Read moreaboutdepositin our glossary page.', 'min. tenancy': 'Ask agent', 'let type': 'Long term', 'furnish type': 'Ask agent', 'council tax': 'Ask agent'}",,,True,
167624387,1400,"£1,400 pcm",monthly,Apartment,1,1.0,"Rushey Green, London, SE6","A smart and bright one bedroom apartment located in Catford. The station is approximately a 14 minute walk, added benefit of a entrance phone. Plenty of local amenities are nearby.",https://www.rightmove.co.uk/properties/167624387#/?channel=RES_LET,/property-to-rent/contactBranch.html?propertyId=167624387,"Bryan & Keegan, London",102278,Reduced on 08/10/2025,2025-09-30T16:15:16Z,,SE6,2025-10-15T18:17:12.014779,"{'let available date': 'Now', 'deposit': '£1,500A deposit provides security for a landlord against damage, or unpaid rent by a tenant.Read moreaboutdepositin our glossary page.', 'min. tenancy': 'Ask agent', 'let type': 'Long term', 'furnish type': 'Unfurnished', 'council tax': 'Ask agent'}",546.0,51.0,True,
167997914,1490,"£1,490 pcm",monthly,Flat,1,1.0,"Woodvale, London, SE23","Beautiful modern one bedroom in converted 1880’s pub has conservatory room ensuite to bedroom with large skylight so is perfect for study, office or chill out snug. Newly repainted and varnished w... ** Property Reference: 2652176 **",https://www.rightmove.co.uk/properties/167997914#/?channel=RES_LET,/property-to-rent/contactBranch.html?propertyId=167997914,"OpenRent, London",96668,Added on 08/10/2025,2025-10-08T16:27:07Z,,SE23,2025-10-15T18:17:12.014785,"{'let available date': 'Now', 'deposit': '£1,719A deposit provides security for a landlord against damage, or unpaid rent by a tenant.Read moreaboutdepositin our glossary page.', 'min. tenancy': 'Ask agent', 'let type': 'Long term', 'furnish type': 'Furnished or unfurnished, landlord is flexible', 'council tax': 'Ask agent'}",,,True,
167217980,1450,"£1,450 pcm",monthly,Apartment,1,1.0,"East Dulwich Road, East Dulwich, London, SE22",This charming top floor one bedroom flat is situated in a fantastic Victorian detached house opposite Goose Green.,https://www.rightmove.co.uk/properties/167217980#/?channel=RES_LET,/property-to-rent/contactBranch.html?propertyId=167217980,"Winkworth, Dulwich",47825,Reduced on 07/10/2025,2025-09-20T00:00:22Z,,SE22,2025-10-15T18:17:12.014798,"{'let available date': '01/11/2025', 'deposit': '£0A deposit provides security for a landlord against damage, or unpaid rent by a tenant.Read moreaboutdepositin our glossary page.', 'min. tenancy': 'Ask agent', 'let type': 'Long term', 'furnish type': 'Part furnished', 'council tax': 'Ask agent'}",,,True,
167706299,1400,"£1,400 pcm",monthly,Flat,1,1.0,"Knowles Hill Crescent, Lewisham",A well presented one bedroom ground floor flat offering secure courtyard parking via electronic gates just 0.4 miles to Hither Green station.,https://www.rightmove.co.uk/properties/167706299#/?channel=RES_LET,/property-to-rent/contactBranch.html?propertyId=167706299,"Dexters, Lewisham",66897,Reduced on 07/10/2025,2025-10-02T11:53:43Z,,,2025-10-15T18:17:12.014806,"{'let available date': 'Ask agent', 'deposit': '£1,615A deposit provides security for a landlord against damage, or unpaid rent by a tenant.Read moreaboutdepositin our glossary page.', 'min. tenancy': 'Ask agent', 'let type': 'Long term', 'furnish type': 'Unfurnished', 'council tax': 'Ask agent'}",,,True,
167931074,1400,"£1,400 pcm",monthly,Flat,1,1.0,"Archdale Road, East Dulwich, SE22","This one's for you if... Light, space, and simplicity come together beautifully in this Dulwich home. With wooden floors underfoot, an open-plan kitchen and living space filled with natural light, and a well-proportioned bedroom and bathroom, it’s the kind of place that feels eas...",https://www.rightmove.co.uk/properties/167931074#/?channel=RES_LET,/property-to-rent/contactBranch.html?propertyId=167931074,"Paramount, London - Lettings",62636,Added on 07/10/2025,2025-10-07T17:06:03Z,,SE22,2025-10-15T18:17:12.014811,"{'let available date': 'Now', 'deposit': '£1,615A deposit provides security for a landlord against damage, or unpaid rent by a tenant.Read moreaboutdepositin our glossary page.', 'min. tenancy': 'Ask agent', 'let type': 'Long term', 'furnish type': 'Unfurnished', 'council tax': 'Ask agent'}",412.0,38.0,True,
167929118,1450,"£1,450 pcm",monthly,Flat,1,1.0,"Ladywell Water Tower, Brockley","A charming first floor flat in this converted water tower situated in a gated development. The flat comprises a large double bedroom, open plan kitchen / reception and a modern bathroom. The property also boasts a communal garden and off-street parking.",https://www.rightmove.co.uk/properties/167929118#/?channel=RES_LET,/property-to-rent/contactBranch.html?propertyId=167929118,"Dexters, Lewisham",66897,Added on 07/10/2025,2025-10-07T16:47:16Z,,,2025-10-15T18:17:12.014816,"{'let available date': 'Ask agent', 'deposit': '£1,558A deposit provides security for a landlord against damage, or unpaid rent by a tenant.Read moreaboutdepositin our glossary page.', 'min. tenancy': 'Ask agent', 'let type': 'Long term', 'furnish type': 'Unfurnished', 'council tax': 'Ask agent'}",,,True,
167924939,1500,"£1,500 pcm",monthly,Flat,1,0.0,"Grove Vale, London","Nestled in the vibrant area of Grove Vale, London, this charming one-bedroom flat offers a delightful blend of period features and modern comforts. Spanning an inviting 463 square feet, the property has been thoughtfully refurbished to create a warm and welcoming atmosphere. The flat boa...",https://www.rightmove.co.uk/properties/167924939#/?channel=RES_LET,/property-to-rent/contactBranch.html?propertyId=167924939,"Hammonds, London",39003,Added on 07/10/2025,2025-10-07T15:56:33Z,,,2025-10-15T18:17:12.014822,"{'let available date': 'Now', 'deposit': '£1,730A deposit provides security for a landlord against damage, or unpaid rent by a tenant.Read moreaboutdepositin our glossary page.', 'min. tenancy': 'Ask agent', 'let type': 'Long term', 'furnish type': 'Unfurnished', 'council tax': 'Ask agent'}",463.0,43.0,True,
167923259,1450,"£1,450 pcm",monthly,Flat,1,1.0,"Crosslet Vale, London, SE10","A well presented bright and spacious one bedroom apartment in this sought after modern development, conveniently located close to transport links into Central London and Canary Wharf.",https://www.rightmove.co.uk/properties/167923259#/?channel=RES_LET,/property-to-rent/contactBranch.html?propertyId=167923259,"Truepenny's, Greenwich",93562,Added on 07/10/2025,2025-10-07T15:39:21Z,,SE10,2025-10-15T18:17:14.434803,"{'let available date': 'Now', 'deposit': '£1,673A deposit provides security for a landlord against damage, or unpaid rent by a tenant.Read moreaboutdepositin our glossary page.', 'min. tenancy': 'Ask agent', 'let type': 'Long term', 'furnish type': 'Unfurnished', 'council tax': 'Ask agent'}",,,True,
167903528,1400,"£1,400 pcm",monthly,Flat,1,1.0,"Deptford High Street, London, SE8","Charming ground floor flat on the vibrant High Street. Open-plan kitchen living area, private garden, cosy bedroom, stylish shower. Gas central heating. EPC rating C (74), council tax Band A.",https://www.rightmove.co.uk/properties/167903528#/?channel=RES_LET,/property-to-rent/contactBranch.html?propertyId=167903528,"Kallars, London",289823,Added on 07/10/2025,2025-10-07T12:00:18Z,,SE8,2025-10-15T18:17:14.434835,"{'let available date': '22/10/2025', 'deposit': '£1,615A deposit provides security for a landlord against damage, or unpaid rent by a tenant.Read moreaboutdepositin our glossary page.', 'min. tenancy': '12 months', 'let type': 'Long term', 'furnish type': 'Unfurnished', 'council tax': 'Ask agent'}",431.0,40.0,True,
166724297,1400,"£1,400 pcm",monthly,Apartment,1,1.0,"Hind House, Lewisham, SE14","Newly Refurbished Studio Flat in Lewisham SE14 - Bright, Spacious, and Available Now",https://www.rightmove.co.uk/properties/166724297#/?channel=RES_LET,/property-to-rent/contactBranch.html?propertyId=166724297,"Holland Properties, London",36516,Reduced on 07/10/2025,2025-09-08T14:16:50Z,,SE14,2025-10-15T18:17:14.434841,"{'let available date': 'Now', 'deposit': 'Ask agentA deposit provides security for a landlord against damage, or unpaid rent by a tenant.Read moreaboutdepositin our glossary page.', 'min. tenancy': 'Ask agent', 'let type': 'Long term', 'furnish type': 'Unfurnished', 'council tax': 'Ask agent'}",,,True,
168004529,1500,"£1,500 pcm",monthly,Flat,1,1.0,Buchan Road London SE15,"Acorn are delighted to offer this stunning one bedroom flat to let. Perfect for a professional couple or single, the property is ideally located within a short walk of both Queens Road and Nunhead train stations. Energy Efficiency Rating - D",https://www.rightmove.co.uk/properties/168004529#/?channel=RES_LET,/property-to-rent/contactBranch.html?propertyId=168004529,"Acorn, Peckham Rye",50692,Reduced on 07/10/2025,2025-10-08T18:03:47Z,,SE15,2025-10-15T18:17:14.434846,"{'let available date': '25/10/2025', 'deposit': '£1,731A deposit provides security for a landlord against damage, or unpaid rent by a tenant.Read moreaboutdepositin our glossary page.', 'min. tenancy': 'Ask agent', 'let type': 'Long term', 'furnish type': 'Unfurnished', 'council tax': 'Ask agent'}",479.0,45.0,True,
167891594,1300,"£1,300 pcm",monthly,Ground Flat,1,1.0,"Marlborough Lane, London, SE7",Newly refurbished and perfect for a single occupant or couple seeking modern comfort.,https://www.rightmove.co.uk/properties/167891594#/?channel=RES_LET,/property-to-rent/contactBranch.html?propertyId=167891594,"Berkleys Property Group, London",290588,Added on 07/10/2025,2025-10-07T09:33:52Z,,SE7,2025-10-15T18:17:14.434850,"{'let available date': 'Ask agent', 'deposit': '£1,300A deposit provides security for a landlord against damage, or unpaid rent by a tenant.Read moreaboutdepositin our glossary page.', 'min. tenancy': '6 months', 'let type': 'Long term', 'furnish type': 'Furnished', 'council tax': 'Ask agent'}",,,True,
167541665,1325,"£1,325 pcm",monthly,Flat,1,1.0,"East Dulwich Grove, East Dulwich","An exceptional newly refurbished studio/room set within a charming Victorian property, just seconds from the vibrant bars, cafés, and restaurants of Lordship Lane. The studio/room has been thoughtfully designed to maximise space, comfortably accommodating a double bed, desk, dining area, and s...",https://www.rightmove.co.uk/properties/167541665#/?channel=RES_LET,/property-to-rent/contactBranch.html?propertyId=167541665,"Dexters, East Dulwich",255212,Reduced on 06/10/2025,2025-09-29T09:20:48Z,,,2025-10-15T18:17:14.434855,"{'let available date': 'Ask agent', 'deposit': '£1,615A deposit provides security for a landlord against damage, or unpaid rent by a tenant.Read moreaboutdepositin our glossary page.', 'min. tenancy': 'Ask agent', 'let type': 'Long term', 'furnish type': 'Ask agent', 'council tax': 'Ask agent'}",,,True,
167846504,1350,"£1,350 pcm",monthly,Flat,1,1.0,"Lampmead Road, London, SE12","Recently Refurbished One-Bedroom Apartment Step into a stylishly updated home designed for modern living. Offered unfurnished, it’s a perfect blank canvas for you to make your own. The bright, well-proportioned living",https://www.rightmove.co.uk/properties/167846504#/?channel=RES_LET,/property-to-rent/contactBranch.html?propertyId=167846504,"S Stone Management, Croydon",286994,Added on 06/10/2025,2025-10-06T11:47:25Z,,SE12,2025-10-15T18:17:14.434859,"{'let available date': '23/10/2025', 'deposit': '£1,557A deposit provides security for a landlord against damage, or unpaid rent by a tenant.Read moreaboutdepositin our glossary page.', 'min. tenancy': 'Ask agent', 'let type': 'Long term', 'furnish type': 'Unfurnished', 'council tax': 'Ask agent'}",,,True,
167839298,1450,"£1,450 pcm",monthly,Apartment,1,1.0,"Brockley Road, SE4","Right in the hub of Crofton Park, South East London's best kept secret, this well proportioned one bedroom flat has just become available to rent.",https://www.rightmove.co.uk/properties/167839298#/?channel=RES_LET,/property-to-rent/contactBranch.html?propertyId=167839298,"Truepenny's, Dulwich",49874,Added on 06/10/2025,2025-10-06T10:14:24Z,,SE4,2025-10-15T18:17:14.434864,"{'let available date': '16/10/2025', 'deposit': '£1,673A deposit provides security for a landlord against damage, or unpaid rent by a tenant.Read moreaboutdepositin our glossary page.', 'min. tenancy': 'Ask agent', 'let type': 'Long term', 'furnish type': 'Unfurnished', 'council tax': 'Ask agent'}",,,True,
167638592,1300,"£1,300 pcm",monthly,Flat,1,1.0,"Brownhill Road, London, SE6","1 Bed Flat, Brownhill Road, SE6 We are proud to offer this delightful 1 bedroom, 1 bathroom flat in a great location. Available to move in from 13 October 2025, this property benefits from avail... ** Property Reference: 2638164 **",https://www.rightmove.co.uk/properties/167638592#/?channel=RES_LET,/property-to-rent/contactBranch.html?propertyId=167638592,"OpenRent, London",96668,Reduced on 04/10/2025,2025-09-30T23:09:31Z,,SE6,2025-10-15T18:17:14.434868,"{'let available date': 'Now', 'deposit': '£1,300A deposit provides security for a landlord against damage, or unpaid rent by a tenant.Read moreaboutdepositin our glossary page.', 'min. tenancy': 'Ask agent', 'let type': 'Long term', 'furnish type': 'Unfurnished', 'council tax': 'Ask agent'}",,,True,
167799431,1475,"£1,475 pcm",monthly,Flat,1,1.0,"St. Mary Street, London, SE18","This third floor, one bedroom apartment is located in a quiet block in zone three and offers only a short walk to both Woolwich Dockyard BR and Woolwich Arsenal DLR stations. Boasting a modern bat... ** Property Reference: 2646818 **",https://www.rightmove.co.uk/properties/167799431#/?channel=RES_LET,/property-to-rent/contactBranch.html?propertyId=167799431,"OpenRent, London",96668,Added on 04/10/2025,2025-10-04T02:06:44Z,,SE18,2025-10-15T18:17:14.434872,"{'let available date': '15/11/2025', 'deposit': '£1,475A deposit provides security for a landlord against damage, or unpaid rent by a tenant.Read moreaboutdepositin our glossary page.', 'min. tenancy': 'Ask agent', 'let type': 'Long term', 'furnish type': 'Unfurnished', 'council tax': 'Ask agent'}",,,True,
167785823,1500,"£1,500 pcm",monthly,Apartment,1,1.0,"Jemotts Court, Myers Lane, SE14","This modern, one bed property is available in the quiet development, Jemotts Court. The fully furnished property opens to a spacious hallway, with the bright living area and neutral kitchen to the right, and double bedroom to the left. The property is filled with light due to the double aspect wi...",https://www.rightmove.co.uk/properties/167785823#/?channel=RES_LET,/property-to-rent/contactBranch.html?propertyId=167785823,"Living in London, Canada Water Tube Station",55268,Added on 03/10/2025,2025-10-03T16:57:08Z,,SE14,2025-10-15T18:17:14.435114,"{'let available date': 'Now', 'deposit': '£0A deposit provides security for a landlord against damage, or unpaid rent by a tenant.Read moreaboutdepositin our glossary page.', 'min. tenancy': 'Ask agent', 'let type': 'Long term', 'furnish type': 'Ask agent', 'council tax': 'Ask agent'}",,,True,
167785229,1500,"£1,500 pcm",monthly,Flat,1,1.0,"Gilbert Close, Royal Herbert Pavilions, London, SE18",Larger than average ground floor apartment to let set within this popular Grade II listed development which includes use of the on site Leisure facilities and parking,https://www.rightmove.co.uk/properties/167785229#/?channel=RES_LET,/property-to-rent/contactBranch.html?propertyId=167785229,"Kinleigh Folkard & Hayward - Lettings, Blackheath",57916,Added on 03/10/2025,2025-10-03T16:52:15Z,,SE18,2025-10-15T18:17:14.435127,"{'let available date': 'Now', 'deposit': '£1,730A deposit provides security for a landlord against damage, or unpaid rent by a tenant.Read moreaboutdepositin our glossary page.', 'min. tenancy': 'Ask agent', 'let type': 'Long term', 'furnish type': 'Unfurnished', 'council tax': 'Ask agent'}",,,True,
167778560,1450,"£1,450 pcm",monthly,Flat,1,,"Barking Road, London, E13","Welcome to your dream urban residence! We are delighted to present this newly developed 1-bedroom flat located in the vibrant area of Barking E13. This stunning apartment offers a contemporary living experience in a prime location, providing the perfect blend of comfort and convenience.",https://www.rightmove.co.uk/properties/167778560#/?channel=RES_LET,/property-to-rent/contactBranch.html?propertyId=167778560,"David Conway & Co, South Harrow - Sales",6116,Added on 03/10/2025,2025-10-03T15:37:40Z,,E13,2025-10-15T18:17:14.435131,"{'let available date': 'Ask agent', 'deposit': 'Ask agentA deposit provides security for a landlord against damage, or unpaid rent by a tenant.Read moreaboutdepositin our glossary page.', 'min. tenancy': 'Ask agent', 'let type': 'Long term', 'furnish type': 'Ask agent', 'council tax': 'Ask agent'}",,,True,
167707613,1450,"£1,450 pcm",monthly,Flat,1,1.0,"Rye Lane, London, SE15","An expansive 1 bed apartment, complete with a generously sized separate kitchen, is now available for rent on Rye Lane in the lively heart of Peckham. This well-designed living space boasts abunda... ** Property Reference: 2618820 **",https://www.rightmove.co.uk/properties/167707613#/?channel=RES_LET,/property-to-rent/contactBranch.html?propertyId=167707613,"OpenRent, London",96668,Added on 02/10/2025,2025-10-02T12:13:21Z,,SE15,2025-10-15T18:17:14.435134,"{'let available date': 'Now', 'deposit': '£1,673A deposit provides security for a landlord against damage, or unpaid rent by a tenant.Read moreaboutdepositin our glossary page.', 'min. tenancy': 'Ask agent', 'let type': 'Long term', 'furnish type': 'Furnished', 'council tax': 'Ask agent'}",,,True,
166970840,1350,"£1,350 pcm",monthly,Flat,1,1.0,"Charlton, London, SE7",Available NOW - this ONE bedroom FLAT with garden situated on the ground floor of a purpose built block. Comprising a reception which gives access to both the separate kitchen and the small garden... ** Property Reference: 2585231 **,https://www.rightmove.co.uk/properties/166970840#/?channel=RES_LET,/property-to-rent/contactBranch.html?propertyId=166970840,"OpenRent, London",96668,Reduced on 02/10/2025,2025-09-13T11:06:43Z,,SE7,2025-10-15T18:17:14.435145,"{'let available date': 'Now', 'deposit': '£1,557A deposit provides security for a landlord against damage, or unpaid rent by a tenant.Read moreaboutdepositin our glossary page.', 'min. tenancy': 'Ask agent', 'let type': 'Long term', 'furnish type': 'Unfurnished', 'council tax': 'Ask agent'}",,,True,
166864766,1500,"£1,500 pcm",monthly,Flat,2,1.0,"Baizdon Road, London, SE3","""Cosy 2-bed flat in prime location. Bright living space, separate kitchen, private balcony. Residents' permit parking. EPC rating C (71), council tax band C.",https://www.rightmove.co.uk/properties/166864766#/?channel=RES_LET,/property-to-rent/contactBranch.html?propertyId=166864766,"Kallars, London",289823,Reduced on 02/10/2025,2025-09-11T10:42:12Z,,SE3,2025-10-15T18:17:14.435149,"{'let available date': 'Now', 'deposit': '£1,730A deposit provides security for a landlord against damage, or unpaid rent by a tenant.Read moreaboutdepositin our glossary page.', 'min. tenancy': '12 months', 'let type': 'Long term', 'furnish type': 'Part furnished', 'council tax': 'Ask agent'}",667.0,62.0,True,
166117547,1500,"£1,500 pcm",monthly,Flat,1,1.0,"Dagmar Court, Manchester Road, London, E14","This fully refurbished one-bedroom apartment situated on the first floor of a purpose-built block, sits moments away from the bank of the river Thames. It benefits from laminated flooring, a modern interior, bright reception with space for dining, double aspect windows, gas heating, a contemporar...",https://www.rightmove.co.uk/properties/166117547#/?channel=RES_LET,/property-to-rent/contactBranch.html?propertyId=166117547,"Keatons, Bow",25055,Reduced on 01/10/2025,2025-08-22T16:29:07Z,,E14,2025-10-15T18:17:14.435152,"{'let available date': 'Ask agent', 'deposit': '£1,730A deposit provides security for a landlord against damage, or unpaid rent by a tenant.Read moreaboutdepositin our glossary page.', 'min. tenancy': 'Ask agent', 'let type': 'Long term', 'furnish type': 'Furnished', 'council tax': 'Ask agent'}",501.0,47.0,True,
167590415,1500,"£1,500 pcm",monthly,Flat,1,1.0,"Well Street, London, E9","Charming 1-bed flat in the heart of Hackney, close to London Fields & Victoria Park. Ideal for professionals or couples seeking a vibrant East London lifestyle with excellent transport links & local amenities.",https://www.rightmove.co.uk/properties/167590415#/?channel=RES_LET,/property-to-rent/contactBranch.html?propertyId=167590415,"Oakland Estates, Barkingside",55705,Added on 30/09/2025,2025-09-30T09:29:19Z,,E9,2025-10-15T18:17:14.435154,"{'let available date': '17/10/2025', 'deposit': '£1,730A deposit provides security for a landlord against damage, or unpaid rent by a tenant.Read moreaboutdepositin our glossary page.', 'min. tenancy': '12 months', 'let type': 'Long term', 'furnish type': 'Unfurnished', 'council tax': 'Ask agent'}",,,True,
167552708,1350,"£1,350 pcm",monthly,Flat,1,1.0,"Myers Lane,  New Cross, SE14","One bedroom apartment in modern development. Modern kitchen, fresh and sparkling bathroom, sunny reception and roomy double bedroom. Double glazing and gas central heating throughout. Midway between New Cross Gate and South Bermondsey stations with links to The City and Central London. Available ...",https://www.rightmove.co.uk/properties/167552708#/?channel=RES_LET,/property-to-rent/contactBranch.html?propertyId=167552708,"Reside, New Cross",9349,Added on 29/09/2025,2025-09-29T12:00:03Z,,SE14,2025-10-15T18:17:14.435157,"{'let available date': 'Now', 'deposit': '£1,555A deposit provides security for a landlord against damage, or unpaid rent by a tenant.Read moreaboutdepositin our glossary page.', 'min. tenancy': 'Ask agent', 'let type': 'Long term', 'furnish type': 'Furnished', 'council tax': 'Ask agent'}",,,True,
167429426,1400,"£1,400 pcm",monthly,Flat,1,1.0,"Tyrwhitt Road, Brockley, London, SE4",A top floor apartment to rent in this popular converted house in a fantastic location to local amenities and train links.,https://www.rightmove.co.uk/properties/167429426#/?channel=RES_LET,/property-to-rent/contactBranch.html?propertyId=167429426,"Kinleigh Folkard & Hayward - Lettings, Brockley",121789,Added on 25/09/2025,2025-09-25T15:30:58Z,,SE4,2025-10-15T18:17:14.435159,"{'let available date': 'Now', 'deposit': '£1,344A deposit provides security for a landlord against damage, or unpaid rent by a tenant.Read moreaboutdepositin our glossary page.', 'min. tenancy': 'Ask agent', 'let type': 'Long term', 'furnish type': 'Unfurnished', 'council tax': 'Ask agent'}",,,True,
167426054,1450,"£1,450 pcm",monthly,Apartment,1,1.0,"Montem Road, London, SE23",Available NOW - This home presents a fantastic opportunity for Young Professionals as a comfortable long-term base,https://www.rightmove.co.uk/properties/167426054#/?channel=RES_LET,/property-to-rent/contactBranch.html?propertyId=167426054,"Keller Williams Advantage, Covering South East",205682,Added on 25/09/2025,2025-09-25T14:39:43Z,,SE23,2025-10-15T18:17:14.435161,"{'let available date': 'Now', 'deposit': '£1,674A deposit provides security for a landlord against damage, or unpaid rent by a tenant.Read moreaboutdepositin our glossary page.', 'min. tenancy': 'Ask agent', 'let type': 'Long term', 'furnish type': 'Ask agent', 'council tax': 'Ask agent'}",,,True,
167350325,1350,"£1,350 pcm",monthly,Flat,1,,"Tower Buildings, Brewhouse Lane, London, E1W","SITUATED IN A CHARMING PERIOD BUILDING IS THIS COMPACT ONE BEDROOM UNFURNISHED TOP FLOOR FLAT. SITUATED IN A SOUGHT AFTER LOCATION CLOSE TO THE THAMES AND NOT FAR FROM WAPPING STATION. SUITABLE FOR A SINGLE TENANT. EPC RATING E. COUNCIL TAX BAND A. DAMAGES DEPOSIT £1,350.00",https://www.rightmove.co.uk/properties/167350325#/?channel=RES_LET,/property-to-rent/contactBranch.html?propertyId=167350325,"Wade Residential, Upminster",163091,Added on 24/09/2025,2025-09-24T18:29:30Z,,E1W,2025-10-15T18:17:14.435163,"{'let available date': 'Ask agent', 'deposit': 'Ask agentA deposit provides security for a landlord against damage, or unpaid rent by a tenant.Read moreaboutdepositin our glossary page.', 'min. tenancy': 'Ask agent', 'let type': 'Long term', 'furnish type': 'Ask agent', 'council tax': 'Ask agent'}",,,True,
166127474,1450,"£1,450 pcm",monthly,Flat,1,1.0,"Lee High Road, London, SE12","Call us now to view this charming one-bedroom garden flat. The property features a spacious open-plan kitchen and dining area, a generously sized double bedroom, and access to a private patio that leads out to a large communal garden",https://www.rightmove.co.uk/properties/166127474#/?channel=RES_LET,/property-to-rent/contactBranch.html?propertyId=166127474,"S Stone Management, Croydon",286994,Reduced on 23/09/2025,2025-08-22T21:07:27Z,,SE12,2025-10-15T18:17:14.435166,"{'let available date': '01/11/2025', 'deposit': '£1,673A deposit provides security for a landlord against damage, or unpaid rent by a tenant.Read moreaboutdepositin our glossary page.', 'min. tenancy': 'Ask agent', 'let type': 'Long term', 'furnish type': 'Unfurnished', 'council tax': 'Ask agent'}",,,True,
156095774,1375,"£1,375 pcm",monthly,Apartment,1,1.0,"207 Trafalgar Road, London, SE10",This neatly presented one bedroom apartment along Trafalgar Road offered furnished is conveniently situated near Greenwich Town Centre.,https://www.rightmove.co.uk/properties/156095774#/?channel=RES_LET,/property-to-rent/contactBranch.html?propertyId=156095774,"Truepenny's, Greenwich",93562,Added on 22/09/2025,2024-12-19T16:18:03Z,,SE10,2025-10-15T18:17:14.435168,"{'let available date': '12/03/2026', 'deposit': '£1,673A deposit provides security for a landlord against damage, or unpaid rent by a tenant.Read moreaboutdepositin our glossary page.', 'min. tenancy': 'Ask agent', 'let type': 'Long term', 'furnish type': 'Furnished', 'council tax': 'Ask agent'}",,,True,
167262659,1400,"£1,400 pcm",monthly,Apartment,1,1.0,"Ivy Road, London, SE4","Reeds Rains are proud to present this stunning one bedroom purpose built apartment situated in the heart of Brockley.  The property boasts an expansive reception room including space for dining, a fully fitted kitchen with integrated appliances, a double bedroom to the rear and a ...",https://www.rightmove.co.uk/properties/167262659#/?channel=RES_LET,/property-to-rent/contactBranch.html?propertyId=167262659,"Reeds Rains, Catford",46473,Added on 22/09/2025,2025-09-22T13:28:41Z,,SE4,2025-10-15T18:17:16.961002,"{'let available date': 'Now', 'deposit': '£1,150A deposit provides security for a landlord against damage, or unpaid rent by a tenant.Read moreaboutdepositin our glossary page.', 'min. tenancy': '6 months', 'let type': 'Long term', 'furnish type': 'Unfurnished', 'council tax': 'Ask agent'}",,,True,
167240186,1500,"£1,500 pcm",monthly,Flat,1,1.0,"Brixton Hill, London, SW2",DON'T MISS OUT ON: cosy one-bedroom flat on Brixton Hill that is perfectly located between Streatham Hill station and Brixton Hill station. Available 9th of October 2025! Benefits of the property... ** Property Reference: 2651971 **,https://www.rightmove.co.uk/properties/167240186#/?channel=RES_LET,/property-to-rent/contactBranch.html?propertyId=167240186,"OpenRent, London",96668,Added on 21/09/2025,2025-09-21T19:07:45Z,,SW2,2025-10-15T18:17:16.961039,"{'let available date': 'Now', 'deposit': '£1,500A deposit provides security for a landlord against damage, or unpaid rent by a tenant.Read moreaboutdepositin our glossary page.', 'min. tenancy': 'Ask agent', 'let type': 'Long term', 'furnish type': 'Furnished', 'council tax': 'Ask agent'}",,,True,
137831276,1150,"£1,150 pcm",monthly,Terraced,1,1.0,"Alloa Road, London",**ROOM TO LET - BILLS INCLUDED**,https://www.rightmove.co.uk/properties/137831276#/?channel=RES_LET,/property-to-rent/contactBranch.html?propertyId=137831276,"Felicity J Lord, Greenwich Lettings",77524,Reduced on 20/09/2025,2023-07-25T08:54:53Z,,,2025-10-15T18:17:16.961047,"{'let available date': 'Now', 'deposit': '£1,326A deposit provides security for a landlord against damage, or unpaid rent by a tenant.Read moreaboutdepositin our glossary page.', 'min. tenancy': 'Ask agent', 'let type': 'Long term', 'furnish type': 'Ask agent', 'council tax': 'Ask agent'}",,,True,
152516030,1500,"£1,500 pcm",monthly,Apartment,1,1.0,"John Williams Close, London, SE14","A superb one-bedroom flat situated in a purpose-built apartment building offering contemporary living within a central location in the sought after area of New Cross. This flat is offered in great condition throughout with a spacious reception room, fully fitted kitchen and a genuine double room....",https://www.rightmove.co.uk/properties/152516030#/?channel=RES_LET,/property-to-rent/contactBranch.html?propertyId=152516030,"Winkworth, New Cross",269888,Added on 15/09/2025,2024-09-16T18:45:19Z,,SE14,2025-10-15T18:17:16.961059,"{'let available date': '10/11/2025', 'deposit': '£0A deposit provides security for a landlord against damage, or unpaid rent by a tenant.Read moreaboutdepositin our glossary page.', 'min. tenancy': '12 months', 'let type': 'Long term', 'furnish type': 'Ask agent', 'council tax': 'Ask agent'}",,,True,
167435159,1214,"£1,214 pcm",monthly,Flat,1,0.0,"Finborough Road, Earls Court, London, SW10","ZERO DEPOSIT AVAILABLE. LONG LET. Delightful studio in central Earls Court featuring a bright modern decor, small kitchen area, communal bathroom and located just a couple minutes away from Earls Court high street.",https://www.rightmove.co.uk/properties/167435159#/?channel=RES_LET,/property-to-rent/contactBranch.html?propertyId=167435159,"Foxtons, Earls Court",108515,Added on 10/09/2025,2025-09-25T16:49:48Z,,SW10,2025-10-15T18:17:16.961085,"{'let available date': 'Ask agent', 'deposit': '£1,400A deposit provides security for a landlord against damage, or unpaid rent by a tenant.Read moreaboutdepositin our glossary page.', 'min. tenancy': 'Ask agent', 'let type': 'Long term', 'furnish type': 'Furnished', 'council tax': 'Ask agent'}",142.0,13.0,True,
166826654,1450,"£1,450 pcm",monthly,Flat,1,1.0,Baildon Street,One bed apartment,https://www.rightmove.co.uk/properties/166826654#/?channel=RES_LET,/property-to-rent/contactBranch.html?propertyId=166826654,"Valley Homes, Coulsden",293618,Added on 10/09/2025,2025-09-10T13:28:44Z,,,2025-10-15T18:17:16.961094,"{'let available date': 'Now', 'deposit': '£1,673A deposit provides security for a landlord against damage, or unpaid rent by a tenant.Read moreaboutdepositin our glossary page.', 'min. tenancy': '12 months', 'let type': 'Long term', 'furnish type': 'Unfurnished', 'council tax': 'Ask agent'}",463.0,43.0,True,
166821287,1450,"£1,450 pcm",monthly,Apartment,1,1.0,"Lee High Road, Lewisham, London, SE12","Residential Links presents this charming one-bedroom apartment on Lee High Road. Featuring a double bedroom with walk-in wardrobe, open-plan kitchen/lounge, modern shower room, communal garden, and close proximity to Lee Station. Furnished and ready to move in!",https://www.rightmove.co.uk/properties/166821287#/?channel=RES_LET,/property-to-rent/contactBranch.html?propertyId=166821287,"Residential Links, London",289685,Added on 10/09/2025,2025-09-10T12:14:27Z,,SE12,2025-10-15T18:17:16.961099,"{'let available date': 'Now', 'deposit': '£1,670A deposit provides security for a landlord against damage, or unpaid rent by a tenant.Read moreaboutdepositin our glossary page.', 'min. tenancy': 'Ask agent', 'let type': 'Long term', 'furnish type': 'Furnished', 'council tax': 'Ask agent'}",,,True,
166819613,1500,"£1,500 pcm",monthly,Flat,1,1.0,"Dewberry Street, Poplar, London, E14","LONG LET. A cozy 1-bedroom flat in Dewberry Street, E14 0RN featuring a bright living room, a well-equipped kitchen, a comfortable bedroom, and a clean bathroom.",https://www.rightmove.co.uk/properties/166819613#/?channel=RES_LET,/property-to-rent/contactBranch.html?propertyId=166819613,"Foxtons, Wapping",111056,Added on 05/09/2025,2025-09-10T11:49:51Z,,E14,2025-10-15T18:17:16.961105,"{'let available date': 'Ask agent', 'deposit': '£1,731A deposit provides security for a landlord against damage, or unpaid rent by a tenant.Read moreaboutdepositin our glossary page.', 'min. tenancy': 'Ask agent', 'let type': 'Long term', 'furnish type': 'Furnished', 'council tax': 'Ask agent'}",428.0,40.0,True,
127088078,1500,"£1,500 pcm",monthly,Flat,1,1.0,"Norwood Road, London, SE24","1 bedroom flat located on the 3rd floor. Separate kitchen & living room, one double bedroom. Furnished or unfurnished. Available immediately.",https://www.rightmove.co.uk/properties/127088078#/?channel=RES_LET,/property-to-rent/contactBranch.html?propertyId=127088078,"Milegate, London",123322,Added on 05/09/2025,2022-09-15T01:35:18Z,,SE24,2025-10-15T18:17:16.961112,"{'let available date': 'Ask agent', 'deposit': '£1,730A deposit provides security for a landlord against damage, or unpaid rent by a tenant.Read moreaboutdepositin our glossary page.', 'min. tenancy': 'Ask agent', 'let type': 'Long term', 'furnish type': 'Furnished or unfurnished, landlord is flexible', 'council tax': 'Ask agent'}",,,True,
166595426,1450,"£1,450 pcm",monthly,Flat,1,,"Barking Road, London, E13","Welcome to Francis House, a charming property located in the heart of London. This delightful apartment, situated at 760-762 Barking Road, offers a perfect blend of comfort and convenience.",https://www.rightmove.co.uk/properties/166595426#/?channel=RES_LET,/property-to-rent/contactBranch.html?propertyId=166595426,"David Conway & Co, South Harrow - Sales",6116,Added on 04/09/2025,2025-09-04T15:47:10Z,,E13,2025-10-15T18:17:16.961118,"{'let available date': 'Ask agent', 'deposit': 'Ask agentA deposit provides security for a landlord against damage, or unpaid rent by a tenant.Read moreaboutdepositin our glossary page.', 'min. tenancy': 'Ask agent', 'let type': 'Long term', 'furnish type': 'Ask agent', 'council tax': 'Ask agent'}",,,True,
166594970,1450,"£1,450 pcm",monthly,Flat,1,,"Barking Road, London, E13","Welcome to Francis House, a charming property located in the heart of London. This delightful apartment, situated at 760-762 Barking Road, offers a perfect blend of comfort and convenience.",https://www.rightmove.co.uk/properties/166594970#/?channel=RES_LET,/property-to-rent/contactBranch.html?propertyId=166594970,"David Conway & Co, South Harrow - Sales",6116,Added on 04/09/2025,2025-09-04T15:40:52Z,,E13,2025-10-15T18:17:16.961125,"{'let available date': 'Ask agent', 'deposit': 'Ask agentA deposit provides security for a landlord against damage, or unpaid rent by a tenant.Read moreaboutdepositin our glossary page.', 'min. tenancy': 'Ask agent', 'let type': 'Long term', 'furnish type': 'Ask agent', 'council tax': 'Ask agent'}",,,True,
166570415,1220,"£1,220 pcm",monthly,Flat,1,,"Blenheim Grove, London, SE15","2nd floor 1 Bedroom Flat, property doesn't have a lift, has electric heating.Property has a number of supermarket under a 15 minute walk, the local bus route and Peckham Rye train station are a 2 minute walk, Warwick Gardens and Peckham Rye Park & Common are also under a 10 minute walk.",https://www.rightmove.co.uk/properties/166570415#/?channel=RES_LET,/property-to-rent/contactBranch.html?propertyId=166570415,"Metropolitan Housing, North",106510,Added on 04/09/2025,2025-09-04T10:10:23Z,,SE15,2025-10-15T18:17:16.961131,"{'let available date': 'Ask agent', 'deposit': '£1,220A deposit provides security for a landlord against damage, or unpaid rent by a tenant.Read moreaboutdepositin our glossary page.', 'min. tenancy': 'Ask agent', 'let type': 'Long term', 'furnish type': 'Unfurnished', 'council tax': 'Ask agent'}",,,True,
166029857,1500,"£1,500 pcm",monthly,Apartment,1,1.0,"Armoury Road, London","A purpose built one bedroom apartment excellently located within this sought after development within easy reach of Lewisham Station (for train, DLR and bus services). Living room * Fitted Kitchen * Double bedroom * Bathroom * Resident controlled parking *",https://www.rightmove.co.uk/properties/166029857#/?channel=RES_LET,/property-to-rent/contactBranch.html?propertyId=166029857,"London Key, Blackheath",161585,Added on 20/08/2025,2025-08-20T18:20:06Z,,,2025-10-15T18:17:16.961138,"{'let available date': 'Ask agent', 'deposit': 'Ask agentA deposit provides security for a landlord against damage, or unpaid rent by a tenant.Read moreaboutdepositin our glossary page.', 'min. tenancy': 'Ask agent', 'let type': 'Long term', 'furnish type': 'Unfurnished', 'council tax': 'Ask agent'}",,,True,
165110051,1000,"£1,000 pcm",monthly,Terraced,1,1.0,"Stothard Street, London",Superb room to rent in a mid Terraced House,https://www.rightmove.co.uk/properties/165110051#/?channel=RES_LET,/property-to-rent/contactBranch.html?propertyId=165110051,"Felicity J Lord, Wapping Wall Lettings",11495,Added on 30/07/2025,2025-07-30T09:32:35Z,,,2025-10-15T18:17:16.961151,"{'let available date': 'Now', 'deposit': '£1,100A deposit provides security for a landlord against damage, or unpaid rent by a tenant.Read moreaboutdepositin our glossary page.', 'min. tenancy': 'Ask agent', 'let type': 'Long term', 'furnish type': 'Ask agent', 'council tax': 'Ask agent'}",,,True,
165450857,1450,"£1,450 pcm",monthly,Flat,1,,"Barking Road, London, E13","Welcome to Francis House, a charming property located in the heart of London. This delightful apartment, situated at 760-762 Barking Road, offers a perfect blend of comfort and convenience.",https://www.rightmove.co.uk/properties/165450857#/?channel=RES_LET,/property-to-rent/contactBranch.html?propertyId=165450857,"David Conway & Co, South Harrow - Sales",6116,Added on 16/07/2025,2025-08-07T09:42:57Z,,E13,2025-10-15T18:17:16.961157,"{'let available date': 'Ask agent', 'deposit': 'Ask agentA deposit provides security for a landlord against damage, or unpaid rent by a tenant.Read moreaboutdepositin our glossary page.', 'min. tenancy': 'Ask agent', 'let type': 'Long term', 'furnish type': 'Ask agent', 'council tax': 'Ask agent'}",,,True,
160874993,1400,"£1,400 pcm",monthly,Flat,1,1.0,"Trafalgar Avenue, London, SE15",We are proud to present to the lettings market this beautiful 1 bedroom flat in characteristic Victorian terrace,https://www.rightmove.co.uk/properties/160874993#/?channel=RES_LET,/property-to-rent/contactBranch.html?propertyId=160874993,"ROCKWELL GREEN PROPERTIES LIMITED, London",288347,Reduced on 28/04/2025,2025-04-18T10:06:53Z,,SE15,2025-10-15T18:17:16.961163,"{'let available date': 'Now', 'deposit': '£1,400A deposit provides security for a landlord against damage, or unpaid rent by a tenant.Read moreaboutdepositin our glossary page.', 'min. tenancy': '6 months', 'let type': 'Long term', 'furnish type': 'Unfurnished', 'council tax': 'Ask agent'}",550.0,51.0,True,
